Title,Publish Date,Format,Media Type,Series,Pillar,Month,Episode Number,Episode Part,Primary Link,YouTube URL,Duration,Podbean Link,Podbean Embeddable Link,Video ID,Summary,Featured
Podcast Insights: Fear is Not From God #shortsvideo,"March 27, 2026",Podcast Clip,Clip,Podcast Insight,,March 2026,,,https://www.youtube.com/watch?v=85BBNvB_4a0,https://www.youtube.com/watch?v=85BBNvB_4a0,,,,85BBNvB_4a0,,No
🎥 Why Smart People Make Emotional Money Choices,"March 25, 2026",Podcast Video (YouTube),Longform,The Liberating River,,March 2026,,,https://www.youtube.com/watch?v=f5160Nhn_UI,https://www.youtube.com/watch?v=f5160Nhn_UI,12:54,,,f5160Nhn_UI,,No
Financial Decision Psychology | Why Smart People Make Emotional Money Choices,"March 25, 2026",Podcast Audio (Podbean),Longform,The Liberating River,,March 2026,,,https://www.theliberatingriver.com/e/financial-decision-psychology-why-smart-people-make-emotional-money-choices/,https://www.youtube.com/watch?v=NJBuyBKQwrU,12:53,https://www.theliberatingriver.com/e/financial-decision-psychology-why-smart-people-make-emotional-money-choices/,https://mcdn.podbean.com/mf/web/7g3aviz5ij5eaarq/Episode17_1.mp3,,,No
Show Up Anyway Changes EVERYTHING #consistency #shorts,"March 23, 2026",YouTube Short,Shortform,The Book of Flo,,March 2026,,,https://www.youtube.com/watch?v=Rk7EpzT6jBc,https://www.youtube.com/watch?v=Rk7EpzT6jBc,,,,Rk7EpzT6jBc,,No
One Imperfect Step Beats Zero Perfect Ones #mindset #discipline #shorts,"March 21, 2026",YouTube Short,Shortform,The Book of Flo,,March 2026,,,https://www.youtube.com/watch?v=3YniLY4iVyU,https://www.youtube.com/watch?v=3YniLY4iVyU,,,,3YniLY4iVyU,,No
"Podcast Insights: God is Glorified by My Freedom, Not Misery! #shortsvideo","March 20, 2026",Podcast Clip,Clip,Podcast Insight,,March 2026,,,https://www.youtube.com/watch?v=bdp9QPIOo4U,https://www.youtube.com/watch?v=bdp9QPIOo4U,,,,bdp9QPIOo4U,,No
🎥 Intentional Decision Architecture | Making Aligned Choices Without Panic #decisionarchitecture,"March 18, 2026",Podcast Video (YouTube),Longform,The Liberating River,,March 2026,,,https://www.youtube.com/watch?v=0DLNXoEcslA,https://www.youtube.com/watch?v=0DLNXoEcslA,16:44,,,0DLNXoEcslA,,No
Decision Architecture | Why Structure Matters More Than Motivation,"March 18, 2026",Podcast Audio (Podbean),Longform,The Liberating River,,March 2026,,,https://www.theliberatingriver.com/e/decision-architecture-why-structure-matters-more-than-motivation/,https://www.youtube.com/watch?v=A_tyWG63yYE,16:43,https://www.theliberatingriver.com/e/decision-architecture-why-structure-matters-more-than-motivation/,https://mcdn.podbean.com/mf/web/y9naj7fxsmwfay2f/Episode16.mp3,,,No
Don't Let Fear Hold You Back #facingfears #shorts,"March 16, 2026",YouTube Short,Shortform,The Book of Flo,,March 2026,,,https://www.youtube.com/watch?v=iHZ_JSvSefE,https://www.youtube.com/watch?v=iHZ_JSvSefE,,,,iHZ_JSvSefE,,No
Move While You're Afraid → Nobody Talks About This #confidence #motivation #mindset #shorts,"March 14, 2026",YouTube Short,Shortform,The Book of Flo,,March 2026,,,https://www.youtube.com/watch?v=Fct9yFSX5os,https://www.youtube.com/watch?v=Fct9yFSX5os,,,,Fct9yFSX5os,,No
The Truth About Boundaries #selflove #shorts,"March 13, 2026",YouTube Short,Shortform,The Book of Flo,,March 2026,,,https://www.youtube.com/watch?v=iAxWmaL19nw,https://www.youtube.com/watch?v=iAxWmaL19nw,,,,iAxWmaL19nw,,No
🎥 The Command Center | Your Thoughts Govern Your Results #mindset #mindsetmatters,"March 11, 2026",Podcast Video (YouTube),Longform,The Liberating River,,March 2026,,,https://www.youtube.com/watch?v=gY3u__GV6xQ,https://www.youtube.com/watch?v=gY3u__GV6xQ,17:32,,,gY3u__GV6xQ,,No
The Command Center | How to Lead Yourself Before You Lead Anything Else,"March 11, 2026",Podcast Audio (Podbean),Longform,The Liberating River,,March 2026,,,https://www.theliberatingriver.com/e/the-command-center-how-to-lead-yourself-before-you-lead-anything-else/,,17:19,https://www.theliberatingriver.com/e/the-command-center-how-to-lead-yourself-before-you-lead-anything-else/,https://mcdn.podbean.com/mf/web/agq2nr75p6sn6nsb/Episode15.mp3,,,No
Fear Loses Power The Moment You Decide #empowerment #shorts,"March 9, 2026",YouTube Short,Shortform,The Book of Flo,,March 2026,,,https://www.youtube.com/watch?v=phopmZjzJ9c,https://www.youtube.com/watch?v=phopmZjzJ9c,,,,phopmZjzJ9c,,No
Notice What Gets Quiet #intuition #shorts,"March 8, 2026",YouTube Short,Shortform,The Book of Flo,,March 2026,,,https://www.youtube.com/watch?v=zAhQfsVhl8U,https://www.youtube.com/watch?v=zAhQfsVhl8U,,,,zAhQfsVhl8U,,No
You've Been Carrying Someone Else's Guilt #relatable #letitgo #shorts,"March 7, 2026",YouTube Short,Shortform,The Book of Flo,,March 2026,,,https://www.youtube.com/watch?v=Z1MP2to_Z9I,https://www.youtube.com/watch?v=Z1MP2to_Z9I,,,,Z1MP2to_Z9I,,No
"🎥 Signal Over Static | Retuning Your Nervous System for Wealth, Stewardship & Money Alignment","March 5, 2026",Podcast Video (YouTube),Longform,The Liberating River,,March 2026,,,https://www.youtube.com/watch?v=rRRp1Nccvyk,https://www.youtube.com/watch?v=rRRp1Nccvyk,14:14,,,rRRp1Nccvyk,,No
Signal Over Static (Part II): Retuning Your Nervous System for Financial Alignment,"March 4, 2026",Podcast Audio (Podbean),Longform,The Liberating River,,March 2026,,,https://www.theliberatingriver.com/e/signal-over-static-part-ii-retuning-your-nervous-system-for-financial-alignment/,https://www.youtube.com/watch?v=ESEZbPIEYQ0,14:13,https://www.theliberatingriver.com/e/signal-over-static-part-ii-retuning-your-nervous-system-for-financial-alignment/,https://mcdn.podbean.com/mf/web/9hey5euchnsnpxvs/Episode14_Part_II.mp3,,,No
Clarity Loves Space #clarity #shorts,"March 3, 2026",YouTube Short,Shortform,The Book of Flo,,March 2026,,,https://www.youtube.com/watch?v=DoaT_toZAe8,https://www.youtube.com/watch?v=DoaT_toZAe8,,,,DoaT_toZAe8,,No
Quiet courage changes everything #mindset #courage #shorts,"March 1, 2026",YouTube Short,Shortform,The Book of Flo,,March 2026,,,https://www.youtube.com/watch?v=nJ1790oPInk,https://www.youtube.com/watch?v=nJ1790oPInk,,,,nJ1790oPInk,,No
Outgrowing People Isn't Betrayal #evolution #truthmatters #shorts,"February 28, 2026",YouTube Short,Shortform,The Book of Flo,,February 2026,,,https://www.youtube.com/watch?v=Mi2u0V0Ci-E,https://www.youtube.com/watch?v=Mi2u0V0Ci-E,,,,Mi2u0V0Ci-E,,No
🎥 Static vs Signal |The Nervous System Truth Nobody Tells You About Money,"February 26, 2026",Podcast Video (YouTube),Longform,The Liberating River,,February 2026,,,https://www.youtube.com/watch?v=Yq5P5gPm28U,https://www.youtube.com/watch?v=Yq5P5gPm28U,14:38,,,Yq5P5gPm28U,,No
"Signal vs Static (Part I) | Why Noise, Fear & Urgency Block Wealth and Clarity","February 25, 2026",Podcast Audio (Podbean),Longform,The Liberating River,,February 2026,,,https://www.theliberatingriver.com/e/signal-vs-static-part-i-why-noise-fear-urgency-block-wealth-and-clarity/,https://www.youtube.com/watch?v=Ia74vd-r8Pg,14:40,https://www.theliberatingriver.com/e/signal-vs-static-part-i-why-noise-fear-urgency-block-wealth-and-clarity/,https://mcdn.podbean.com/mf/web/q8ztu44rqghbfjdm/Episode14_Part_I.mp3,,,No
"When You Choose Yourself, Everything Shifts #alignment #selftrust #shorts","February 24, 2026",YouTube Short,Shortform,The Book of Flo,,February 2026,,,https://www.youtube.com/watch?v=yPttJSRI6VU,https://www.youtube.com/watch?v=yPttJSRI6VU,,,,yPttJSRI6VU,,No
The Thing Your Body Knows Before Your Mind Does #Awareness #shorts,"February 22, 2026",YouTube Short,Shortform,The Book of Flo,,February 2026,,,https://www.youtube.com/watch?v=lnnEbuj221A,https://www.youtube.com/watch?v=lnnEbuj221A,,,,lnnEbuj221A,,No
"Your Emotions Are Your Superpower, Not Your Weakness #selflove #mindset #shorts","February 21, 2026",YouTube Short,Shortform,The Book of Flo,,February 2026,,,https://www.youtube.com/watch?v=koQ7nCbHZFo,https://www.youtube.com/watch?v=koQ7nCbHZFo,,,,koQ7nCbHZFo,,No
🎥 True Wealth Isn't About Performance | It's About Alignment,"February 19, 2026",Podcast Video (YouTube),Longform,The Liberating River,,February 2026,,,https://www.youtube.com/watch?v=7HlSBFNCfnA,https://www.youtube.com/watch?v=7HlSBFNCfnA,18:46,,,7HlSBFNCfnA,,No
Belonging vs. Alignment (Part 2) | Stop Conforming Financially: Reclaiming Alignment,"February 18, 2026",Podcast Audio (Podbean),Longform,The Liberating River,Wealth & Prosperity,February 2026,12,II,https://www.theliberatingriver.com/e/belonging-vs-alignment-part-2-stop-conforming-financially-reclaiming-alignment/,https://www.youtube.com/watch?v=UGITXt877J8,18:45,https://www.theliberatingriver.com/e/belonging-vs-alignment-part-2-stop-conforming-financially-reclaiming-alignment/,https://mcdn.podbean.com/mf/web/8st4k28fh7iueh2n/Episode_12_Part_II.mp3,,,No
Stuck vs. Integrating—There's a Difference #mindset #truth #shorts,"February 17, 2026",YouTube Short,Shortform,The Book of Flo,,February 2026,,,https://www.youtube.com/watch?v=ocxA9r8R_mg,https://www.youtube.com/watch?v=ocxA9r8R_mg,,,,ocxA9r8R_mg,,No
Loving Someone Else Won't Fix This #selflove #relationships #shorts,"February 15, 2026",YouTube Short,Shortform,The Book of Flo,,February 2026,,,https://www.youtube.com/watch?v=Hkmyb3-Lr64,https://www.youtube.com/watch?v=Hkmyb3-Lr64,,,,Hkmyb3-Lr64,,No
Love Without Performance #authentic #shorts,"February 15, 2026",YouTube Short,Shortform,The Book of Flo,,February 2026,,,https://www.youtube.com/watch?v=xDaOspfngPg,https://www.youtube.com/watch?v=xDaOspfngPg,,,,xDaOspfngPg,,No
The Energy Drain of Over Explaining #selfrespect #shorts,"February 14, 2026",YouTube Short,Shortform,The Book of Flo,,February 2026,,,https://www.youtube.com/watch?v=9Rlj3LfbBVA,https://www.youtube.com/watch?v=9Rlj3LfbBVA,,,,9Rlj3LfbBVA,,No
Safety Is Nternal! #innerhealing #shorts,"February 13, 2026",YouTube Short,Shortform,The Book of Flo,,February 2026,,,https://www.youtube.com/watch?v=XlOTkPWAJiQ,https://www.youtube.com/watch?v=XlOTkPWAJiQ,,,,XlOTkPWAJiQ,,No
🎥 You Don't Need Permission to Be Aligned,"February 12, 2026",Podcast Video (YouTube),Longform,The Liberating River,,February 2026,,,https://www.youtube.com/watch?v=bAtHNSiv3CE,https://www.youtube.com/watch?v=bAtHNSiv3CE,15:15,,,bAtHNSiv3CE,,No
You Already Know #selfawareness #courage #shorts,"February 12, 2026",YouTube Short,Shortform,The Book of Flo,,February 2026,,,https://www.youtube.com/watch?v=DspeTB8Jf6w,https://www.youtube.com/watch?v=DspeTB8Jf6w,,,,DspeTB8Jf6w,,No
Belonging vs. Authenticity (Part I) | Breaking Free from Groupthink & Reclaiming Your Inner Authority,"February 11, 2026",Podcast Audio (Podbean),Longform,The Liberating River,Perspective Shifts,February 2026,12,I,https://www.theliberatingriver.com/e/belonging-vs-authenticity-part-i-breaking-free-from-groupthink-reclaiming-your-inner-authority/,,15:15,https://www.theliberatingriver.com/e/belonging-vs-authenticity-part-i-breaking-free-from-groupthink-reclaiming-your-inner-authority/,https://mcdn.podbean.com/mf/web/7e2zvekg8cwzh5hm/Episode_12_Part_1.mp3,,,No
When Alignment Feels Like Flow #spirituality #transformation #shorts,"February 10, 2026",YouTube Short,Shortform,The Book of Flo,,February 2026,,,https://www.youtube.com/watch?v=U0xvpN_cAS8,https://www.youtube.com/watch?v=U0xvpN_cAS8,,,,U0xvpN_cAS8,,No
"Self-trust, Where Real Safety Lives #spiritualhealing #selflove #emotionalhealth #shorts","February 8, 2026",YouTube Short,Shortform,The Book of Flo,,February 2026,,,https://www.youtube.com/watch?v=pNgcBznjEoE,https://www.youtube.com/watch?v=pNgcBznjEoE,,,,pNgcBznjEoE,,No
The Heavy Season Taught You This #lessonlearned #release #transformation #shorts,"February 7, 2026",YouTube Short,Shortform,The Book of Flo,,February 2026,,,https://www.youtube.com/watch?v=AQQCOz6xodw,https://www.youtube.com/watch?v=AQQCOz6xodw,,,,AQQCOz6xodw,,No
🎥 Alignment Over Urgency: What to Release So Peace Can Lead,"February 5, 2026",Podcast Video (YouTube),Longform,The Liberating River,,February 2026,,,https://www.youtube.com/watch?v=YinX0UIc6LI,https://www.youtube.com/watch?v=YinX0UIc6LI,12:33,,,YinX0UIc6LI,,No
"Reset the Noise (Part V): Release, So Peace Leads","February 4, 2026",Podcast Audio (Podbean),Longform,The Liberating River,Spiritual Alignment,February 2026,13,V,https://www.theliberatingriver.com/e/reset-the-noise-part-5-release-so-peace-leads/,https://www.youtube.com/watch?v=59YNBF4J9ks,12:32,https://www.theliberatingriver.com/e/reset-the-noise-part-5-release-so-peace-leads/,https://mcdn.podbean.com/mf/web/r2btgyy434zz3yur/Episode_13_Part_5.mp3,,,No
Your Thoughts Are Literally Reshaping Your Life #mindset #transformation #personalgrowth #shorts,"February 1, 2026",YouTube Short,Shortform,The Book of Flo,,February 2026,,,https://www.youtube.com/watch?v=9H9a4Iwbc3U,https://www.youtube.com/watch?v=9H9a4Iwbc3U,,,,9H9a4Iwbc3U,,No
Stop becoming someone else #acceptance #liberation #shorts,"January 31, 2026",YouTube Short,Shortform,The Book of Flo,,January 2026,,,https://www.youtube.com/watch?v=j3NTlYHCnF0,https://www.youtube.com/watch?v=j3NTlYHCnF0,,,,j3NTlYHCnF0,,No
🎥 Your Leftover Beliefs Are Costing You Thousands #resetyourmindset #moneymastery,"January 29, 2026",Podcast Video (YouTube),Longform,The Liberating River,,January 2026,,,https://www.youtube.com/watch?v=CJDbQb908aM,https://www.youtube.com/watch?v=CJDbQb908aM,15:14,,,CJDbQb908aM,,No
Reset the Noise (Part IV): Your Leftover Beliefs Are Costing You Thousands,"January 28, 2026",Podcast Audio (Podbean),Longform,The Liberating River,Wealth & Prosperity,January 2026,13,IV,https://www.theliberatingriver.com/e/your-leftover-beliefs-are-costing-you-thousands-part-iv/,https://www.youtube.com/watch?v=sTmKc6HkF_U,15:14,https://www.theliberatingriver.com/e/your-leftover-beliefs-are-costing-you-thousands-part-iv/,https://mcdn.podbean.com/mf/web/ewfte9p5dhb5bm4n/Episode_13_Part_4.mp3,,,No
Small steps change everything #goals #transformation #selfdevelopment #shorts,"January 27, 2026",YouTube Short,Shortform,The Book of Flo,,January 2026,,,https://www.youtube.com/watch?v=GJWagthiwMA,https://www.youtube.com/watch?v=GJWagthiwMA,,,,GJWagthiwMA,,No
Refinement over reinvention changes everything #personalgrowth #discipline #shorts,"January 25, 2026",YouTube Short,Shortform,The Book of Flo,,January 2026,,,https://www.youtube.com/watch?v=DbTBuC_pFWo,https://www.youtube.com/watch?v=DbTBuC_pFWo,,,,DbTBuC_pFWo,,No
You Know Better Than You're Living #honesty #personaltransformation #shorts,"January 24, 2026",YouTube Short,Shortform,The Book of Flo,,January 2026,,,https://www.youtube.com/watch?v=VvgZb1pzlKQ,https://www.youtube.com/watch?v=VvgZb1pzlKQ,,,,VvgZb1pzlKQ,,No
🎥 You Don't Have to Stay Close to What Costs Your Peace,"January 22, 2026",Podcast Video (YouTube),Longform,The Liberating River,,January 2026,,,https://www.youtube.com/watch?v=3uoSxrQHxBA,https://www.youtube.com/watch?v=3uoSxrQHxBA,15:44,,,3uoSxrQHxBA,,No
"Reset the Noise (Part III): Why Rest, Boundaries, and Pace Protect Your Peace","January 21, 2026",Podcast Audio (Podbean),Longform,The Liberating River,Spiritual Alignment,January 2026,13,III,https://www.theliberatingriver.com/e/reset-the-noise-part-3-why-rest-boundaries-and-pace-protect-your-peace/,https://www.youtube.com/watch?v=6fCEHIfUwIA,15:34,https://www.theliberatingriver.com/e/reset-the-noise-part-3-why-rest-boundaries-and-pace-protect-your-peace/,https://mcdn.podbean.com/mf/web/2xz7x67k6xx6qcxu/Episode_13_Part_3.mp3,,,No
Not Everything That Looks Good Feels Right #trust #intuition #shorts,"January 20, 2026",YouTube Short,Shortform,The Book of Flo,,January 2026,,,https://www.youtube.com/watch?v=ORgVJFROhP8,https://www.youtube.com/watch?v=ORgVJFROhP8,,,,ORgVJFROhP8,,No
🎥 Why Pausing Is Your Superpower | Here's Why,"January 15, 2026",Podcast Video (YouTube),Longform,The Liberating River,,January 2026,,,https://www.youtube.com/watch?v=j-QOQRLSyZY,https://www.youtube.com/watch?v=j-QOQRLSyZY,15:28,,,j-QOQRLSyZY,,No
Reset the Noise (Part II): Why Pausing Is Your Superpower | Here's Why,"January 14, 2026",Podcast Audio (Podbean),Longform,The Liberating River,Spiritual Alignment,January 2026,13,II,https://www.theliberatingriver.com/e/2026-reset-part-ii-why-pausing-is-your-superpower-heres-why/,,15:28,https://www.theliberatingriver.com/e/2026-reset-part-ii-why-pausing-is-your-superpower-heres-why/,https://mcdn.podbean.com/mf/web/s3eg6n4ictd6rz38/Episode_13_Part_II.mp3,,,No
Peace Does Not = Perfection = Plans #alignment #mindset #shorts,"January 13, 2026",YouTube Short,Shortform,The Book of Flo,,January 2026,,,https://www.youtube.com/watch?v=9PS3dGeA06A,https://www.youtube.com/watch?v=9PS3dGeA06A,,,,9PS3dGeA06A,,No
🎥 2026 Reset | Are You Ready to Build Bold?,"January 8, 2026",Podcast Video (YouTube),Longform,The Liberating River,,January 2026,,,https://www.youtube.com/watch?v=DDCalR06bEo,https://www.youtube.com/watch?v=DDCalR06bEo,15:38,,,DDCalR06bEo,,No
The Fruit Your Words Bear After You're Gone #impact #legacy #shorts,"January 8, 2026",YouTube Short,Shortform,The Book of Flo,,January 2026,,,https://www.youtube.com/watch?v=7C3HnH1EImc,https://www.youtube.com/watch?v=7C3HnH1EImc,,,,7C3HnH1EImc,,No
2026 Reset the Noise (Part I) | Are You Ready to Build Bold?,"January 7, 2026",Podcast Audio (Podbean),Longform,The Liberating River,Spiritual Alignment,January 2026,13,I,https://www.theliberatingriver.com/e/2026-reset-are-you-ready-to-build-bold/,,15:38,https://www.theliberatingriver.com/e/2026-reset-are-you-ready-to-build-bold/,https://mcdn.podbean.com/mf/web/bg5q2yeggrwcbame/Episode_13_Part_I.mp3,,,No
Permission Granted! Feel Everything #emotions #selflove #shorts,"January 6, 2026",YouTube Short,Shortform,The Book of Flo,,January 2026,,,https://www.youtube.com/watch?v=kt7h6CjNULY,https://www.youtube.com/watch?v=kt7h6CjNULY,,,,kt7h6CjNULY,,No
"Clarity comes from stopping, not striving #december #intention #short","December 30, 2025",YouTube Short,Shortform,The Book of Flo,,December 2025,,,https://www.youtube.com/watch?v=HTkGTRi_05E,https://www.youtube.com/watch?v=HTkGTRi_05E,,,,HTkGTRi_05E,,No
"🎥 Ordinary Courage, Extraordinary Results","December 24, 2025",Podcast Video (YouTube),Longform,The Liberating River,,December 2025,,,https://www.youtube.com/watch?v=EqipBdhBL-g,https://www.youtube.com/watch?v=EqipBdhBL-g,13:40,,,EqipBdhBL-g,,No
Cultivating Resilience (Part B-2): Resilience Forged Outside the Spotlight,"December 24, 2025",Podcast Audio (Podbean),Longform,The Liberating River,Perspective Shifts,December 2025,11,"B, II",https://www.theliberatingriver.com/e/cultivating-resilience-part-b-2-resilience-forged-outside-the-spotlight/,https://www.youtube.com/watch?v=O6PX7TWJrf4,13:40,https://www.theliberatingriver.com/e/cultivating-resilience-part-b-2-resilience-forged-outside-the-spotlight/,https://mcdn.podbean.com/mf/web/afrhkhgr7fvx5n2j/Episode_11PartB2.mp3,,,No
The Lie that Slowing Down Means Losing #short,"December 23, 2025",YouTube Short,Shortform,The Book of Flo,,December 2025,,,https://www.youtube.com/watch?v=WOvBNsD1778,https://www.youtube.com/watch?v=WOvBNsD1778,,,,WOvBNsD1778,,No
Ancient Wisdom for Modern Life #lifelesson #short,"December 21, 2025",YouTube Short,Shortform,The Book of Flo,,December 2025,,,https://www.youtube.com/watch?v=x0CNmq5GbQg,https://www.youtube.com/watch?v=x0CNmq5GbQg,,,,x0CNmq5GbQg,,No
You Didn’t Break — You Rooted! #mentalstrength #short,"December 20, 2025",YouTube Short,Shortform,The Book of Flo,,December 2025,,,https://www.youtube.com/watch?v=PXtenEDLmnw,https://www.youtube.com/watch?v=PXtenEDLmnw,,,,PXtenEDLmnw,,No
Stop Fighting the SEASON! #acceptance #short,"December 18, 2025",YouTube Short,Shortform,The Book of Flo,,December 2025,,,https://www.youtube.com/watch?v=M7NAxXGvUl0,https://www.youtube.com/watch?v=M7NAxXGvUl0,,,,M7NAxXGvUl0,,No
🎥 Breaking Free Looks Like This; The Strength Inside You (Part B-1),"December 17, 2025",Podcast Video (YouTube),Longform,The Liberating River,,December 2025,,,https://www.youtube.com/watch?v=AF2pWuIPbkI,https://www.youtube.com/watch?v=AF2pWuIPbkI,10:58,,,AF2pWuIPbkI,,No
Cultivating Resilience (Part B-1): Breaking Free Looks Like This; The Strength Inside You,"December 17, 2025",Podcast Audio (Podbean),Longform,The Liberating River,,December 2025,,,https://www.theliberatingriver.com/e/breaking-free-looks-like-this-the-strength-inside-you/,https://www.youtube.com/watch?v=xB_Caqg-uyc,10:57,https://www.theliberatingriver.com/e/breaking-free-looks-like-this-the-strength-inside-you/,https://mcdn.podbean.com/mf/web/t877mk2azrnr4d8d/Episode_11_Part_I.mp3,,,No
Your Darkest Chapter Isn't the End #spiritualposture #transformation #short,"December 15, 2025",YouTube Short,Shortform,The Book of Flo,,December 2025,,,https://www.youtube.com/watch?v=NvqBNI1XaX8,https://www.youtube.com/watch?v=NvqBNI1XaX8,,,,NvqBNI1XaX8,,No
🎥 Your New Identity Is Waiting | Live From Divine Alignment PtIII,"December 10, 2025",Podcast Video (YouTube),Longform,The Liberating River,,December 2025,,,https://www.youtube.com/watch?v=-ARKw98u_YI,https://www.youtube.com/watch?v=-ARKw98u_YI,14:02,,,-ARKw98u_YI,,No
Superpower of Discipline Creates Freedom #consistency #short,"December 10, 2025",YouTube Short,Shortform,The Book of Flo,,December 2025,,,https://www.youtube.com/watch?v=O8iKdAa52MI,https://www.youtube.com/watch?v=O8iKdAa52MI,,,,O8iKdAa52MI,,No
Mindset Reset (Part 3): The Transformation,"December 10, 2025",Podcast Audio (Podbean),Longform,The Liberating River,,December 2025,,,https://www.theliberatingriver.com/e/mindset-reset-%c2%b7-episode-10-part-3-%e2%80%94-the-transformation/,,14:00,https://www.theliberatingriver.com/e/mindset-reset-%c2%b7-episode-10-part-3-%e2%80%94-the-transformation/,https://mcdn.podbean.com/mf/web/ccjjhi75jtn8r676/Ep10_Part_III.mp3,,,No
"How Release Helps You Rise 🌊 | Float in Faith, Not Fear #faith #short","December 8, 2025",YouTube Short,Shortform,The Book of Flo,,December 2025,,,https://www.youtube.com/watch?v=4r9MRl1jln0,https://www.youtube.com/watch?v=4r9MRl1jln0,,,,4r9MRl1jln0,,No
Growth Lives Outside Your Comfort Zone! #lifechanging #short,"December 5, 2025",YouTube Short,Shortform,The Book of Flo,,December 2025,,,https://www.youtube.com/watch?v=R1eShMigBuw,https://www.youtube.com/watch?v=R1eShMigBuw,,,,R1eShMigBuw,,No
🎥 Reset Your Relationship with Money Right Now,"December 3, 2025",Podcast Video (YouTube),Longform,The Liberating River,,December 2025,,,https://www.youtube.com/watch?v=WDHf2KSWAmA,https://www.youtube.com/watch?v=WDHf2KSWAmA,12:23,,,WDHf2KSWAmA,,No
What If Fear Is Lying To You? #mindset #short,"December 3, 2025",YouTube Short,Shortform,The Book of Flo,,December 2025,,,https://www.youtube.com/watch?v=TUhupVhZgjo,https://www.youtube.com/watch?v=TUhupVhZgjo,,,,TUhupVhZgjo,,No
Mindset Reset (Part 2): For Purpose & Prosperity — Finding Clarity: The Power of the Shift,"December 3, 2025",Podcast Audio (Podbean),Longform,The Liberating River,,December 2025,,,https://www.theliberatingriver.com/e/mindset-reset-part-ii-for-purpose-prosperity-%e2%80%94-finding-clarity-the-power-of-the-shift/,https://www.youtube.com/watch?v=664-5DHe_8I,12:22,https://www.theliberatingriver.com/e/mindset-reset-part-ii-for-purpose-prosperity-%e2%80%94-finding-clarity-the-power-of-the-shift/,https://mcdn.podbean.com/mf/web/b79e4q4qk58c4bxh/Ep10_Part_II.mp3,,,No
Stop Chasing Alignment and Start Being It #short,"December 1, 2025",YouTube Short,Shortform,The Book of Flo,,December 2025,,,https://www.youtube.com/watch?v=QG3NFMoUubo,https://www.youtube.com/watch?v=QG3NFMoUubo,,,,QG3NFMoUubo,,No
The Quiet Power of Small Faithfulness #spiritualalignment #short,"November 30, 2025",YouTube Short,Shortform,The Book of Flo,,November 2025,,,https://www.youtube.com/watch?v=NZE3AGDAVjk,https://www.youtube.com/watch?v=NZE3AGDAVjk,,,,NZE3AGDAVjk,,No
"Miracles in Motion 🌊 | Become the Vessel, Not the Victim #divineflow #short","November 28, 2025",YouTube Short,Shortform,The Book of Flo,,November 2025,,,https://www.youtube.com/watch?v=-z8ESjUQP_M,https://www.youtube.com/watch?v=-z8ESjUQP_M,,,,-z8ESjUQP_M,,No
🎥 Your Perspective Is Keeping You Stuck,"November 26, 2025",Podcast Video (YouTube),Longform,The Liberating River,,November 2025,,,https://www.youtube.com/watch?v=FULkqAoAGnM,https://www.youtube.com/watch?v=FULkqAoAGnM,16:04,,,FULkqAoAGnM,,No
"Mindset Reset (Part 1): A Powerful Guide to Perspective-Taking for Spiritual Alignment, Emotional Clarity & Prosperity","November 26, 2025",Podcast Audio (Podbean),Longform,The Liberating River,,November 2025,,,https://www.theliberatingriver.com/e/mindset-reset-a-powerful-guide-to-perspective-taking-for-spiritual-alignment-emotional-clarity-prosperity/,,16:03,https://www.theliberatingriver.com/e/mindset-reset-a-powerful-guide-to-perspective-taking-for-spiritual-alignment-emotional-clarity-prosperity/,https://mcdn.podbean.com/mf/web/nvtdaq48sktj3f4v/Ep10_Part_1.mp3,,,No
"When Nothing Makes Sense 🌊 | Faith, Clarity & Trusting the Process #faith #short","November 25, 2025",YouTube Short,Shortform,The Book of Flo,,November 2025,,,https://www.youtube.com/watch?v=j4hwTAGzeAU,https://www.youtube.com/watch?v=j4hwTAGzeAU,,,,j4hwTAGzeAU,,No
What Happens When You Stop Pretending? #divinealignment #short,"November 21, 2025",YouTube Short,Shortform,The Book of Flo,,November 2025,,,https://www.youtube.com/watch?v=OPiY83BY_Gk,https://www.youtube.com/watch?v=OPiY83BY_Gk,,,,OPiY83BY_Gk,,No
🎥 When Your Perspective Changes Everything Changes,"November 20, 2025",Podcast Video (YouTube),Longform,The Liberating River,,November 2025,,,https://www.youtube.com/watch?v=i2URJz4k81c,https://www.youtube.com/watch?v=i2URJz4k81c,19:22,,,i2URJz4k81c,,No
Cultivating Resilience (Part A-2): The Power of the Shift,"November 19, 2025",Podcast Audio (Podbean),Longform,The Liberating River,,November 2025,,,https://www.theliberatingriver.com/e/cultivating-resilience-part-2-the-power-of-the-shift/,,19:21,https://www.theliberatingriver.com/e/cultivating-resilience-part-2-the-power-of-the-shift/,https://mcdn.podbean.com/mf/web/c6hjpipf7729d97h/Ep9_Part_2.mp3,,,No
Confidence that doesn't need noise #quietconfidence #innerpower #spiritualgrowth,"November 19, 2025",YouTube Short,Shortform,The Book of Flo,,November 2025,,,https://www.youtube.com/watch?v=fBJ07ohUer8,https://www.youtube.com/watch?v=fBJ07ohUer8,,,,fBJ07ohUer8,,No
How Movement Activates Miracles #transformation #short,"November 18, 2025",YouTube Short,Shortform,The Book of Flo,,November 2025,,,https://www.youtube.com/watch?v=02SXruGyFIo,https://www.youtube.com/watch?v=02SXruGyFIo,,,,02SXruGyFIo,,No
Why Holding On Stops New Blessings? #soulwork #short,"November 15, 2025",YouTube Short,Shortform,The Book of Flo,,November 2025,,,https://www.youtube.com/watch?v=hR13I0GnDgM,https://www.youtube.com/watch?v=hR13I0GnDgM,,,,hR13I0GnDgM,,No
Overflow Starts in Your Thoughts | Abundance Mindset #mindset #short,"November 13, 2025",YouTube Short,Shortform,The Book of Flo,,November 2025,,,https://www.youtube.com/watch?v=zUqCSdrzo8E,https://www.youtube.com/watch?v=zUqCSdrzo8E,,,,zUqCSdrzo8E,,No
How Momentum Beats Perfection Every Time #spiritualawaken #short,"November 13, 2025",YouTube Short,Shortform,The Book of Flo,,November 2025,,,https://www.youtube.com/watch?v=8ehX5yALhwU,https://www.youtube.com/watch?v=8ehX5yALhwU,,,,8ehX5yALhwU,,No
🎥 Your Perspective is Your Superpower—Here's How to Activate It,"November 12, 2025",Podcast Video (YouTube),Longform,The Liberating River,,November 2025,,,https://www.youtube.com/watch?v=1efO9LBLWwU,https://www.youtube.com/watch?v=1efO9LBLWwU,17:23,,,1efO9LBLWwU,,No
Why Is Frequency So Deadly? #energyhealing #short,"November 12, 2025",YouTube Short,Shortform,The Book of Flo,,November 2025,,,https://www.youtube.com/watch?v=0cneuu8VtVw,https://www.youtube.com/watch?v=0cneuu8VtVw,,,,0cneuu8VtVw,,No
Cultivating Resilience (Part A-1) | Finding Strength in Unexpected Places | The Power of Perspective,"November 12, 2025",Podcast Audio (Podbean),Longform,The Liberating River,,November 2025,,,https://www.theliberatingriver.com/e/cultivating-resilience-finding-strength-in-unexpected-places-the-power-of-perspective/,,17:22,https://www.theliberatingriver.com/e/cultivating-resilience-finding-strength-in-unexpected-places-the-power-of-perspective/,https://mcdn.podbean.com/mf/web/jbquu5ybpeg6jn9w/Ep9_Part_1.mp3,,,No
🎥Rebuild After Faith Deconstruction | Living in Divine Design (Part 2),"November 5, 2025",Podcast Video (YouTube),Longform,The Liberating River,,November 2025,,,https://www.youtube.com/watch?v=ZNdHC_KPhgU,https://www.youtube.com/watch?v=ZNdHC_KPhgU,17:39,,,ZNdHC_KPhgU,,No
Finding Faith in Stillness #divinetiming #short,"November 5, 2025",YouTube Short,Shortform,The Book of Flo,,November 2025,,,https://www.youtube.com/watch?v=X8bfYhs4BAo,https://www.youtube.com/watch?v=X8bfYhs4BAo,,,,X8bfYhs4BAo,,No
Faith Deconstruction vs. Divine Awakening (Part 2): Rebuilding in Divine Design — Awakening Through Surrender,"November 5, 2025",Podcast Audio (Podbean),Longform,The Liberating River,,November 2025,,,https://www.theliberatingriver.com/e/faith-deconstruction-vs-divine-awakening-part-2-rebuilding-in-divine-design-%e2%80%94-awakening-through-surrender/,,17:38,https://www.theliberatingriver.com/e/faith-deconstruction-vs-divine-awakening-part-2-rebuilding-in-divine-design-%e2%80%94-awakening-through-surrender/,https://mcdn.podbean.com/mf/web/6h849rwverp7zsj9/Episode8_Part2.mp3,,,No
Secret Sign You're On The Right Path #faithandflow #short,"November 3, 2025",YouTube Short,Shortform,The Book of Flo,,November 2025,,,https://www.youtube.com/watch?v=RvLSUvhPHLg,https://www.youtube.com/watch?v=RvLSUvhPHLg,,,,RvLSUvhPHLg,,No
Discipline Feels Like Magic #divineflow #short,"November 1, 2025",YouTube Short,Shortform,The Book of Flo,,November 2025,,,https://www.youtube.com/watch?v=WWVG8EkupyE,https://www.youtube.com/watch?v=WWVG8EkupyE,,,,WWVG8EkupyE,,No
🎥Deconstruction vs. Divine Awakening (Part 1) | The Unraveling Begins,"October 30, 2025",Podcast Video (YouTube),Longform,The Liberating River,,October 2025,,,https://www.youtube.com/watch?v=BRYJZSX-7eE,https://www.youtube.com/watch?v=BRYJZSX-7eE,16:30,,,BRYJZSX-7eE,,No
"Let It Flo | Surrender, Trust, and Move with Faith #short","October 30, 2025",YouTube Short,Shortform,The Book of Flo,,October 2025,,,https://www.youtube.com/watch?v=GHHyYAVealw,https://www.youtube.com/watch?v=GHHyYAVealw,,,,GHHyYAVealw,,No
Faith Deconstruction vs. Divine Awakening (Part 1): The Unraveling Begins — When Faith Feels Like Free Fall,"October 29, 2025",Podcast Audio (Podbean),Longform,The Liberating River,,October 2025,,,https://www.theliberatingriver.com/e/faith-deconstruction-vs-divine-awakening-part-1-the-unraveling-begins-%e2%80%94-when-faith-feels-like-free-fall/,,16:29,https://www.theliberatingriver.com/e/faith-deconstruction-vs-divine-awakening-part-1-the-unraveling-begins-%e2%80%94-when-faith-feels-like-free-fall/,https://mcdn.podbean.com/mf/web/m5bid37skncjxgbu/Episode8_Part1.mp3,,,No
Try This When You Feel Stuck! #calminthe #short,"October 27, 2025",YouTube Short,Shortform,The Book of Flo,,October 2025,,,https://www.youtube.com/watch?v=P8cJmDJxI_I,https://www.youtube.com/watch?v=P8cJmDJxI_I,,,,P8cJmDJxI_I,,No
Why Delays Might Be Good For You! #divinetiming #faith #short,"October 24, 2025",YouTube Short,Shortform,The Book of Flo,,October 2025,,,https://www.youtube.com/watch?v=mL7L8Q25LXc,https://www.youtube.com/watch?v=mL7L8Q25LXc,,,,mL7L8Q25LXc,,No
🎥Breaking Old Conditioning | Trusting Your Intuitive Compass,"October 22, 2025",Podcast Video (YouTube),Longform,The Liberating River,,October 2025,,,https://www.youtube.com/watch?v=y0WmLrJtheY,https://www.youtube.com/watch?v=y0WmLrJtheY,15:54,,,y0WmLrJtheY,,No
The Hidden Cost of Being Out of Alignment #alignment #faithflow #short,"October 22, 2025",YouTube Short,Shortform,The Book of Flo,,October 2025,,,https://www.youtube.com/watch?v=Q6KGD3honLY,https://www.youtube.com/watch?v=Q6KGD3honLY,,,,Q6KGD3honLY,,No
"Cultivating Intuitive Wisdom (Part 3) | Living by Inner Guidance | Trust, Act, and Flow with Purpose","October 22, 2025",Podcast Audio (Podbean),Longform,The Liberating River,,October 2025,,,https://www.theliberatingriver.com/e/cultivating-intuitive-wisdom-part-3-living-by-inner-guidance-trust-act-and-flow-with-purpose/,https://www.youtube.com/watch?v=m_bAiZ7Q8h0,15:53,https://www.theliberatingriver.com/e/cultivating-intuitive-wisdom-part-3-living-by-inner-guidance-trust-act-and-flow-with-purpose/,https://mcdn.podbean.com/mf/web/grx6pib4ctnbszxs/Episode7_Part3.mp3,,,No
Begin Again — Faith Over Failure #transformation #short,"October 20, 2025",YouTube Short,Shortform,The Book of Flo,,October 2025,,,https://www.youtube.com/watch?v=yrpsaejKSgE,https://www.youtube.com/watch?v=yrpsaejKSgE,,,,yrpsaejKSgE,,No
Your Prayers Aren't Working Because You're Doing This Wrong #SeedsofTrust #short,"October 18, 2025",YouTube Short,Shortform,The Book of Flo,,October 2025,,,https://www.youtube.com/watch?v=NVAALlgtgrA,https://www.youtube.com/watch?v=NVAALlgtgrA,,,,NVAALlgtgrA,,No
🎥Peace as Your Confirmation Signal | Hearing Spirit's Steady Hum,"October 15, 2025",Podcast Video (YouTube),Longform,The Liberating River,,October 2025,,,https://www.youtube.com/watch?v=0_MV1LdQLvg,https://www.youtube.com/watch?v=0_MV1LdQLvg,15:20,,,0_MV1LdQLvg,,No
Secret Power of Rivers Revealed #inspiration #short,"October 15, 2025",YouTube Short,Shortform,The Book of Flo,,October 2025,,,https://www.youtube.com/watch?v=2BYd8-Ft9zA,https://www.youtube.com/watch?v=2BYd8-Ft9zA,,,,2BYd8-Ft9zA,,No
Grace In Progress — Trust God’s Timing #short,"October 13, 2025",YouTube Short,Shortform,The Book of Flo,,October 2025,,,https://www.youtube.com/watch?v=uNPemI_QmcI,https://www.youtube.com/watch?v=uNPemI_QmcI,,,,uNPemI_QmcI,,No
Rush Mode Is Stealing Your Answers #liberated #spiritualtruth #short,"October 11, 2025",YouTube Short,Shortform,The Book of Flo,,October 2025,,,https://www.youtube.com/watch?v=ywiaT6wwbkY,https://www.youtube.com/watch?v=ywiaT6wwbkY,,,,ywiaT6wwbkY,,No
Signs Are Everywhere | Learning to See the Divine in the Ordinary #faithandflow #short,"October 9, 2025",YouTube Short,Shortform,The Book of Flo,,October 2025,,,https://www.youtube.com/watch?v=9UyID6LXQMY,https://www.youtube.com/watch?v=9UyID6LXQMY,,,,9UyID6LXQMY,,No
🎥Your Inner Authority | Making Decisions From Deep Peace Instead of Pressure (PT-I),"October 8, 2025",Podcast Video (YouTube),Longform,The Liberating River,,October 2025,,,https://www.youtube.com/watch?v=lvBNNFOMfDg,https://www.youtube.com/watch?v=lvBNNFOMfDg,14:51,,,lvBNNFOMfDg,,No
"Cultivating Intuitive Wisdom (Part 1) | Remembering the Gift | Faith, Flow, and the Power of Inner Guidance","October 8, 2025",Podcast Audio (Podbean),Longform,The Liberating River,,October 2025,,,https://www.theliberatingriver.com/e/cultivating-intuitive-wisdom-pt-1-remembering-the-gift-faith-flow-and-the-power-of-inner-guidance/,,14:50,https://www.theliberatingriver.com/e/cultivating-intuitive-wisdom-pt-1-remembering-the-gift-faith-flow-and-the-power-of-inner-guidance/,https://mcdn.podbean.com/mf/web/d5xu5mtgkpmkxz8z/Episode7_Part1.mp3,,,No
Power of Small Steps | Faith in Action #faithinaction #smallsteps #short,"October 7, 2025",YouTube Short,Shortform,The Book of Flo,,October 2025,,,https://www.youtube.com/watch?v=nsHyXHUMkZE,https://www.youtube.com/watch?v=nsHyXHUMkZE,,,,nsHyXHUMkZE,,No
No Limits — Faith in Motion #faith #transformation #short,"October 7, 2025",YouTube Short,Shortform,The Book of Flo,,October 2025,,,https://www.youtube.com/watch?v=YTCZ8AX16kI,https://www.youtube.com/watch?v=YTCZ8AX16kI,,,,YTCZ8AX16kI,,No
"Cultivating Intuitive Wisdom (Part 2) | Clearing the Static | Silence the Noise, Hear the Spirit","October 6, 2025",Podcast Audio (Podbean),Longform,The Liberating River,,October 2025,,,https://www.theliberatingriver.com/e/cultivating-intuitive-wisdom-part-2-clearing-the-static-silence-the-noise-hear-the-spirit/,https://www.youtube.com/watch?v=yXrfUX6tsFA,15:19,https://www.theliberatingriver.com/e/cultivating-intuitive-wisdom-part-2-clearing-the-static-silence-the-noise-hear-the-spirit/,https://mcdn.podbean.com/mf/web/mcug3aikmkc8z76p/Episode7_Part2.mp3,,,No
🎥Protect Your Energy (Part 2) | Spirit-Led Boundaries to Heal & Thrive,"October 1, 2025",Podcast Video (YouTube),Longform,The Liberating River,,October 2025,,,https://www.youtube.com/watch?v=FH2r8YLDjYI,https://www.youtube.com/watch?v=FH2r8YLDjYI,23:04,,,FH2r8YLDjYI,,No
Moving forward despite fear changes everything #courage #mindset #short,"October 1, 2025",YouTube Short,Shortform,The Book of Flo,,October 2025,,,https://www.youtube.com/watch?v=PEuC-JeMIj4,https://www.youtube.com/watch?v=PEuC-JeMIj4,,,,PEuC-JeMIj4,,No
How to Protect Your Energy (Part 2) | Build Boundaries & Live in Alignment,"October 1, 2025",Podcast Audio (Podbean),Longform,The Liberating River,,October 2025,,,https://www.theliberatingriver.com/e/how-to-protect-your-energy-part-2-build-boundaries-live-in-alignment/,https://www.youtube.com/watch?v=N1BjM_I7eI4,23:04,https://www.theliberatingriver.com/e/how-to-protect-your-energy-part-2-build-boundaries-live-in-alignment/,https://mcdn.podbean.com/mf/web/wyr92j2a9p53mget/Episode6_Part2.mp3,,,No
🎥Protect Your Energy (Part 1) | Signs & Stay Aligned,"September 24, 2025",Podcast Video (YouTube),Longform,The Liberating River,,September 2025,,,https://www.youtube.com/watch?v=LbBJGEtotjA,https://www.youtube.com/watch?v=LbBJGEtotjA,11:13,,,LbBJGEtotjA,,No
How to Protect Your Energy (Part 1) | Recognize the Signs & Stay Aligned,"September 24, 2025",Podcast Audio (Podbean),Longform,The Liberating River,,September 2025,,,https://www.theliberatingriver.com/e/how-to-protect-your-energy-part-1-recognize-the-signs-stay-aligned/,https://www.youtube.com/watch?v=koThl7yM3TU,11:12,https://www.theliberatingriver.com/e/how-to-protect-your-energy-part-1-recognize-the-signs-stay-aligned/,https://mcdn.podbean.com/mf/web/8z557rsenmx3st9m/Episode6_Pt_I.mp3,,,No
🎥The Authority God Gave You (And Why You're Still Acting Like You Don't Have It),"September 17, 2025",Podcast Video (YouTube),Longform,The Liberating River,,September 2025,,,https://www.youtube.com/watch?v=lB7zDa_4uks,https://www.youtube.com/watch?v=lB7zDa_4uks,24:06,,,lB7zDa_4uks,,No
"Reclaiming Your Inner Authority (Part 2) | Walking Boldly in Freedom, Trusting Spirit Within & Living Authentic Faith","September 17, 2025",Podcast Audio (Podbean),Longform,The Liberating River,,September 2025,,,https://www.theliberatingriver.com/e/reclaiming-your-inner-authority-trusting-spirit-within-you-for-authentic-faith-%e2%80%94-walking-boldly-in-freedom/,,23:57,https://www.theliberatingriver.com/e/reclaiming-your-inner-authority-trusting-spirit-within-you-for-authentic-faith-%e2%80%94-walking-boldly-in-freedom/,https://mcdn.podbean.com/mf/web/pc3t4v7etx3zme93/Episode5_2.mp3,,,No
🎥 Your Spirit Knows the Truth—Religious Conditioning Says Otherwise (PT-I),"September 10, 2025",Podcast Video (YouTube),Longform,The Liberating River,,September 2025,,,https://www.youtube.com/watch?v=SXIRqVQFf3c,https://www.youtube.com/watch?v=SXIRqVQFf3c,13:18,,,SXIRqVQFf3c,,No
Reclaiming Your Inner Authority (Part 1) | Recognizing What Was Lost,"September 10, 2025",Podcast Audio (Podbean),Longform,The Liberating River,,September 2025,,,https://www.theliberatingriver.com/e/reclaiming-your-inner-authority-trusting-spirit-within-you-for-authentic-faith-%e2%80%94-recognizing-what-was-lost/,,13:15,https://www.theliberatingriver.com/e/reclaiming-your-inner-authority-trusting-spirit-within-you-for-authentic-faith-%e2%80%94-recognizing-what-was-lost/,https://mcdn.podbean.com/mf/web/8qwjghjvtbf54ypt/Episode5_1.mp3,,,No
🎥Bold and Unapologetic: Replace Fear with Faith and Finances,"September 4, 2025",Podcast Video (YouTube),Longform,The Liberating River,,September 2025,,,https://www.youtube.com/watch?v=r1d3JMNu_Pc,https://www.youtube.com/watch?v=r1d3JMNu_Pc,14:41,,,r1d3JMNu_Pc,,No
"Breaking Free from Fear-Based Obedience (Part 2) | Walking in Freedom through Love, Trust & Financial Alignment","September 3, 2025",Podcast Audio (Podbean),Longform,The Liberating River,,September 2025,,,https://www.theliberatingriver.com/e/breaking-free-from-fear-based-obedience-choosing-love-trust-and-financial-freedom-%e2%80%94-walking-into-freedom/,,14:40,https://www.theliberatingriver.com/e/breaking-free-from-fear-based-obedience-choosing-love-trust-and-financial-freedom-%e2%80%94-walking-into-freedom/,https://mcdn.podbean.com/mf/web/yy9uuq4qmjkrx3eh/Episode4_PartII.mp3,,,No
🎥 The Spiritual Prison You Don't Know You're In,"August 28, 2025",Podcast Video (YouTube),Longform,The Liberating River,,August 2025,,,https://www.youtube.com/watch?v=CjXwiRGBnrk,https://www.youtube.com/watch?v=CjXwiRGBnrk,14:45,,,CjXwiRGBnrk,,No
"Breaking Free from Fear-Based Obedience (Part 1) | The Hidden Chains of Fear, Faith & Finances","August 27, 2025",Podcast Audio (Podbean),Longform,The Liberating River,,August 2025,,,https://www.theliberatingriver.com/e/breaking-free-from-fear-based-obedience-choosing-love-trust-and-financial-freedom-%e2%80%94-recognizing-the-chains/,,14:44,https://www.theliberatingriver.com/e/breaking-free-from-fear-based-obedience-choosing-love-trust-and-financial-freedom-%e2%80%94-recognizing-the-chains/,https://mcdn.podbean.com/mf/web/usjd73hr6g2t3c6f/Episode4_Part_I.mp3,,,No
🎥Faithfulness or Fear? Why This Question Changes Everything,"August 21, 2025",Podcast Video (YouTube),Longform,The Liberating River,,August 2025,,,https://www.youtube.com/watch?v=lxMMdfAf790,https://www.youtube.com/watch?v=lxMMdfAf790,21:54,,,lxMMdfAf790,,No
🎥 Unlocking Blessings | Releasing Religious Baggage for True Freedom,"August 21, 2025",Podcast Video (YouTube),Longform,The Liberating River,,August 2025,,,https://www.youtube.com/watch?v=sl7keUdsNRk,https://www.youtube.com/watch?v=sl7keUdsNRk,12:12,,,sl7keUdsNRk,,No
Unlocking Blessings | Releasing Religious Baggage & Shame for True Freedom,"August 20, 2025",Podcast Audio (Podbean),Longform,The Liberating River,,August 2025,,,https://www.theliberatingriver.com/e/unlocking-blessings-releasing-religious-baggage-and-shame/,,12:11,https://www.theliberatingriver.com/e/unlocking-blessings-releasing-religious-baggage-and-shame/,https://mcdn.podbean.com/mf/web/kewcu3mww7k7i9gq/Episode3.mp3,,,No
Faithfulness vs Fear | How to Discern Healthy Faith & Begin Spiritual Healing,"August 13, 2025",Podcast Audio (Podbean),Longform,The Liberating River,,August 2025,,,https://www.theliberatingriver.com/e/faith-over-fear-how-to-overcome-fear-and-live-in-healthy-biblical-faith/,,21:53,https://www.theliberatingriver.com/e/faith-over-fear-how-to-overcome-fear-and-live-in-healthy-biblical-faith/,https://mcdn.podbean.com/mf/web/iiavg3uzznz3vvir/Episode_2.mp3,,,No
🎥God Never Asked You to Suffer | Debunking Religious Suffering Myths,"August 7, 2025",Podcast Video (YouTube),Longform,The Liberating River,,August 2025,,,https://www.youtube.com/watch?v=8W99oTw9UrQ,https://www.youtube.com/watch?v=8W99oTw9UrQ,13:08,,,8W99oTw9UrQ,,No
God Never Asked You to Suffer | Debunking Religious Suffering Myths,"August 6, 2025",Podcast Audio (Podbean),Longform,The Liberating River,Faith,August 2025,1,,https://www.theliberatingriver.com/e/god-never-asked-you-to-suffer-debunking-religious-suffering-myths/,,13:07,https://www.theliberatingriver.com/e/god-never-asked-you-to-suffer-debunking-religious-suffering-myths/,https://mcdn.podbean.com/mf/web/7j5gfnss2ghvtgj2/Episode_1.mp3,,,No
Why I Created The Liberating River Podcast: A Journey to Spiritual Freedom & Financial Healing,"August 1, 2025",Podcast Audio (Podbean),Longform,The Liberating River,General,August 2025,0,,https://www.theliberatingriver.com/e/why-i-created-the-liberating-river-podcast-a-journey-to-spiritual-freedom-financial-healing/,,02:01,https://www.theliberatingriver.com/e/why-i-created-the-liberating-river-podcast-a-journey-to-spiritual-freedom-financial-healing/,https://mcdn.podbean.com/mf/web/v6z5eskfjgwrcikq/Why_I_created_The_Liberating_River_Podcast66rm7.mp3,,,No
The Awakening Begins: Welcome to The Liberating River™,"July 29, 2025",Podcast Audio (Podbean),Longform,The Liberating River,General,July 2025,0,,https://www.theliberatingriver.com/e/the-awakening-begins-welcome-to-the-liberating-river%e2%84%a2/,https://www.youtube.com/watch?v=vo3jthIT3a8,00:57,https://www.theliberatingriver.com/e/the-awakening-begins-welcome-to-the-liberating-river%e2%84%a2/,https://mcdn.podbean.com/mf/web/zrkk935uebkx3ymy/The_Liberating_River_Podcast_Trailer.mp3,,,No
Unlearn. Reclaim. Flow. | The Liberating River™️ Intro,"July 7, 2025",YouTube Short,Shortform,The Book of Flo,,July 2025,,,https://www.youtube.com/watch?v=Bct5Jab2m2g,https://www.youtube.com/watch?v=Bct5Jab2m2g,,,,Bct5Jab2m2g,,No
🎥Spiritual Truth Meets Financial Empowerment | New Podcast,"July 5, 2025",Podcast Video (YouTube),Longform,The Liberating River,,July 2025,,,https://www.youtube.com/watch?v=3o1_ow-j10U,https://www.youtube.com/watch?v=3o1_ow-j10U,00:57,,,3o1_ow-j10U,,No
Why I created The Liberating River™ Podcast🌊,"July 5, 2025",YouTube Short,Shortform,The Book of Flo,,July 2025,,,https://www.youtube.com/watch?v=Wb-ZO0NIMJo,https://www.youtube.com/watch?v=Wb-ZO0NIMJo,,,,Wb-ZO0NIMJo,,No
